{"stats":{"minecraft:crafted":{"minecraft:black_dye":1,"minecraft:oak_planks":84,"minecraft:diamond_shovel":1,"minecraft:warped_planks":28,"minecraft:diamond_leggings":1,"minecraft:bow":5,"minecraft:iron_boots":2,"minecraft:smoker":1,"minecraft:arrow":96,"minecraft:emerald":16,"minecraft:cooked_porkchop":8,"minecraft:crafting_table":4,"minecraft:diamond_axe":1,"minecraft:wooden_pickaxe":1,"minecraft:iron_helmet":2,"minecraft:fletching_table":1,"minecraft:spectral_arrow":58,"minecraft:iron_chestplate":2,"minecraft:book":2,"minecraft:paper":12,"minecraft:diamond_pickaxe":1,"minecraft:shield":1,"minecraft:stick":560,"minecraft:iron_pickaxe":1,"minecraft:iron_ingot":103,"minecraft:iron_block":3,"minecraft:gold_ingot":38,"minecraft:fishing_rod":4,"minecraft:diamond_hoe":1,"minecraft:furnace":2,"minecraft:iron_axe":1,"minecraft:stone_pickaxe":1,"minecraft:diamond_boots":1,"minecraft:golden_helmet":1,"sophisticatedbackpacks:iron_backpack":2,"minecraft:wheat":648,"minecraft:diamond_sword":1,"minecraft:enchanting_table":1,"minecraft:nether_bricks":1,"minecraft:bucket":1,"minecraft:stone_axe":1,"minecraft:air":0,"minecraft:bread":216,"minecraft:oak_boat":2,"minecraft:warped_fungus_on_a_stick":4,"minecraft:iron_leggings":2,"minecraft:anvil":1,"minecraft:acacia_planks":276,"minecraft:torch":44},"minecraft:dropped":{"sophisticatedbackpacks:iron_backpack":1,"minecraft:crimson_stem":2,"minecraft:iron_sword":2,"minecraft:warped_stem":1,"minecraft:soul_sand":23,"minecraft:acacia_wood":4,"minecraft:porkchop":7,"minecraft:warped_fungus":2,"minecraft:glass_bottle":1,"minecraft:cooked_porkchop":3,"minecraft:warped_fungus_on_a_stick":2,"minecraft:warped_roots":3,"minecraft:leather":6,"minecraft:saddle":1,"minecraft:rail":5,"sophisticatedbackpacks:gold_backpack":1,"minecraft:flint":3,"minecraft:dirt":22,"minecraft:mutton":1,"minecraft:crimson_roots":3,"minecraft:gold_nugget":72,"minecraft:polished_blackstone_bricks":7,"minecraft:iron_pickaxe":2,"minecraft:acacia_door":5,"minecraft:white_wool":1,"minecraft:gold_ingot":31,"minecraft:bone":26,"minecraft:gravel":56,"minecraft:stone_axe":1,"minecraft:blackstone":2,"minecraft:compass":2,"minecraft:iron_nugget":25,"minecraft:cobbled_deepslate":15,"minecraft:nether_brick":15,"minecraft:wheat":3,"minecraft:obsidian":1,"minecraft:rotten_flesh":15,"minecraft:glowstone_dust":27,"minecraft:gunpowder":2,"minecraft:melon_seeds":2,"minecraft:arrow":7,"minecraft:beef":10,"minecraft:quartz":30,"minecraft:acacia_fence":8,"minecraft:splash_potion":1,"minecraft:netherrack":10,"minecraft:egg":1,"minecraft:iron_ingot":10,"minecraft:bread":89,"minecraft:wheat_seeds":30,"minecraft:golden_horse_armor":1,"minecraft:cobblestone":11,"minecraft:feather":2,"minecraft:yellow_terracotta":5,"minecraft:iron_helmet":2,"minecraft:acacia_log":17,"minecraft:coal":11,"minecraft:stick":6,"minecraft:diorite":3,"minecraft:torch":42,"minecraft:fire_charge":4,"minecraft:iron_leggings":2,"minecraft:iron_axe":1,"minecraft:smooth_stone":1,"sophisticatedbackpacks:jukebox_upgrade":1,"minecraft:string":19,"minecraft:pink_petals":1,"minecraft:acacia_planks":7,"minecraft:kelp":2,"minecraft:stone_sword":6,"minecraft:iron_boots":1,"minecraft:nether_bricks":10,"minecraft:blast_furnace":1,"minecraft:orange_terracotta":2,"minecraft:diamond_pickaxe":1,"minecraft:oak_sapling":1,"minecraft:bow":4,"minecraft:stone_pickaxe":1,"minecraft:wooden_pickaxe":1,"minecraft:magma_cream":1,"minecraft:magma_block":6},"minecraft:used":{"minecraft:bone_block":3,"minecraft:diamond_hoe":923,"minecraft:shield":41,"minecraft:soul_sand":30,"minecraft:orange_glazed_terracotta":1,"minecraft:nether_bricks":21,"minecraft:acacia_sapling":2,"minecraft:obsidian":2,"minecraft:lava_bucket":8,"minecraft:bow":124,"minecraft:furnace":2,"minecraft:egg":1,"minecraft:warped_fungus_on_a_stick":550,"minecraft:oak_planks":12,"minecraft:stone_pickaxe":47,"minecraft:blackstone":50,"minecraft:wooden_pickaxe":7,"minecraft:diamond_axe":198,"minecraft:golden_apple":2,"minecraft:blast_furnace":2,"minecraft:crossbow":2,"minecraft:acacia_door":1,"minecraft:bread":105,"minecraft:gravel":10,"minecraft:nether_wart_block":6,"minecraft:diamond_sword":317,"minecraft:fire_charge":2,"minecraft:andesite":1,"minecraft:oak_boat":3,"minecraft:golden_pickaxe":67,"minecraft:enchanting_table":5,"minecraft:stone_sword":8,"minecraft:acacia_log":18,"minecraft:netherrack":286,"minecraft:orange_bed":1,"minecraft:torch":2,"minecraft:dirt":26,"minecraft:anvil":2,"minecraft:golden_chestplate":1,"minecraft:salmon_bucket":1,"minecraft:iron_axe":56,"minecraft:basalt":2,"minecraft:soul_soil":2,"minecraft:cobbled_deepslate":19,"minecraft:acacia_planks":9,"minecraft:iron_leggings":1,"minecraft:water_bucket":17,"minecraft:fletching_table":2,"minecraft:polished_blackstone_bricks":23,"minecraft:crafting_table":16,"minecraft:warped_planks":37,"minecraft:smoker":1,"minecraft:diamond_pickaxe":667,"minecraft:diamond_shovel":50,"minecraft:cracked_polished_blackstone_bricks":12,"minecraft:iron_pickaxe":90,"minecraft:crimson_nylium":1,"minecraft:stone_axe":14,"minecraft:pink_petals":42,"minecraft:cobblestone":48,"minecraft:potion":1,"minecraft:cooked_porkchop":5,"minecraft:bucket":27,"minecraft:smooth_stone":4},"minecraft:mined":{"minecraft:white_bed":1,"minecraft:sculk_vein":45,"minecraft:brewing_stand":1,"minecraft:obsidian":6,"minecraft:acacia_log":121,"minecraft:grass_block":19,"sophisticatedbackpacks:iron_backpack":1,"minecraft:cracked_polished_blackstone_bricks":15,"minecraft:soul_soil":4,"minecraft:nether_wart":20,"minecraft:spawner":2,"minecraft:polished_blackstone_bricks":56,"minecraft:magma_block":14,"minecraft:sculk_catalyst":4,"minecraft:glowstone":47,"minecraft:iron_ore":65,"minecraft:fire":13,"minecraft:deepslate_lapis_ore":4,"minecraft:fletching_table":1,"minecraft:anvil":1,"minecraft:enchanting_table":5,"minecraft:dirt_path":1,"minecraft:orange_bed":1,"minecraft:blackstone":6,"minecraft:smoker":1,"minecraft:crimson_nylium":9,"minecraft:soul_fire":4,"minecraft:orange_terracotta":3,"minecraft:blast_furnace":3,"minecraft:nether_quartz_ore":15,"minecraft:cobblestone":8,"minecraft:sugar_cane":4,"minecraft:pink_petals":21,"minecraft:warped_nylium":30,"minecraft:warped_planks":1,"minecraft:nether_wart_block":8,"minecraft:wheat":1,"minecraft:warped_fungus":4,"minecraft:grass":137,"minecraft:oak_log":21,"minecraft:acacia_fence":8,"minecraft:dirt":11,"minecraft:netherrack":263,"minecraft:oak_leaves":3,"minecraft:deepslate":20,"minecraft:yellow_terracotta":8,"minecraft:nether_gold_ore":56,"minecraft:diamond_ore":3,"minecraft:tuff":1,"minecraft:deepslate_diamond_ore":22,"minecraft:nether_bricks":25,"minecraft:hay_block":72,"minecraft:furnace":2,"minecraft:nether_sprouts":1,"minecraft:acacia_wood":6,"minecraft:andesite":1,"minecraft:gold_block":16,"minecraft:nether_brick_fence":3,"minecraft:deepslate_iron_ore":59,"minecraft:warped_stem":7,"minecraft:stone":68,"minecraft:orange_glazed_terracotta":1,"minecraft:acacia_leaves":6,"minecraft:glass_pane":11,"minecraft:soul_sand":10,"minecraft:basalt":3,"minecraft:crafting_table":14,"minecraft:warped_roots":1,"minecraft:sculk_sensor":10,"minecraft:tall_grass":19,"minecraft:deepslate_coal_ore":2,"minecraft:lapis_ore":1,"minecraft:sculk":805,"minecraft:spruce_log":1,"minecraft:coal_ore":57,"minecraft:gravel":26,"minecraft:acacia_door":7,"minecraft:acacia_planks":11,"minecraft:chipped_anvil":1},"minecraft:killed":{"minecraft:zombified_piglin":1,"minecraft:spider":8,"minecraft:skeleton":13,"minecraft:piglin_brute":1,"minecraft:magma_cube":4,"minecraft:piglin":12,"minecraft:pig":4,"minecraft:zombie_villager":1,"minecraft:creeper":2,"minecraft:sheep":1,"minecraft:trader_llama":1,"minecraft:zombie":43,"minecraft:ghast":3,"minecraft:blaze":16,"minecraft:cow":4,"minecraft:slime":19,"minecraft:hoglin":3,"minecraft:squid":1,"minecraft:wither_skeleton":11,"minecraft:player":1,"minecraft:enderman":3},"minecraft:custom":{"minecraft:interact_with_crafting_table":44,"minecraft:leave_game":1,"minecraft:time_since_death":6131,"minecraft:sprint_one_cm":587364,"minecraft:damage_blocked_by_shield":1375,"minecraft:drop":320,"minecraft:talked_to_villager":12,"minecraft:play_time":268801,"minecraft:deaths":5,"minecraft:jump":5508,"minecraft:walk_on_water_one_cm":42899,"minecraft:enchant_item":11,"minecraft:interact_with_furnace":12,"minecraft:traded_with_villager":27,"minecraft:sleep_in_bed":3,"minecraft:damage_dealt":20860,"minecraft:player_kills":1,"minecraft:crouch_one_cm":72095,"minecraft:interact_with_smoker":5,"minecraft:horse_one_cm":888,"minecraft:mob_kills":154,"minecraft:interact_with_anvil":3,"minecraft:damage_dealt_resisted":231,"minecraft:climb_one_cm":114,"minecraft:walk_one_cm":466648,"minecraft:damage_dealt_absorbed":40,"minecraft:strider_one_cm":527998,"minecraft:sneak_time":23154,"minecraft:walk_under_water_one_cm":20298,"minecraft:boat_one_cm":216694,"minecraft:interact_with_blast_furnace":24,"minecraft:total_world_time":268801,"minecraft:time_since_rest":6161,"minecraft:damage_taken":6523,"minecraft:damage_absorbed":80,"minecraft:swim_one_cm":46871,"minecraft:fly_one_cm":1014705,"minecraft:open_chest":32,"minecraft:fall_one_cm":170621},"minecraft:picked_up":{"minecraft:iron_chestplate":1,"minecraft:nether_brick_fence":3,"minecraft:anvil":1,"minecraft:lead":2,"minecraft:potion":1,"minecraft:nether_brick":19,"minecraft:brewing_stand":1,"minecraft:string":50,"minecraft:soul_soil":2,"minecraft:iron_leggings":1,"minecraft:orange_glazed_terracotta":1,"minecraft:smooth_stone":21,"minecraft:gold_nugget":261,"minecraft:cobbled_deepslate":34,"minecraft:iron_pickaxe":2,"minecraft:iron_boots":2,"minecraft:furnace":2,"minecraft:golden_helmet":1,"minecraft:stick":2,"minecraft:acacia_fence":8,"minecraft:torch":38,"minecraft:acacia_log":108,"minecraft:porkchop":15,"minecraft:diorite":3,"minecraft:warped_planks":17,"minecraft:orange_bed":1,"minecraft:stone_sword":5,"minecraft:rotten_flesh":14,"minecraft:blaze_rod":13,"minecraft:obsidian":12,"minecraft:cobblestone":81,"minecraft:enchanting_table":5,"minecraft:pink_petals":43,"minecraft:magma_block":6,"minecraft:feather":2,"minecraft:magma_cream":1,"minecraft:water_bucket":1,"minecraft:andesite":1,"minecraft:potato":2,"minecraft:smoker":1,"minecraft:flint":2,"minecraft:lapis_lazuli":36,"minecraft:dirt":48,"minecraft:bone":29,"minecraft:chipped_anvil":1,"minecraft:acacia_planks":4,"minecraft:wheat_seeds":30,"minecraft:raw_gold":20,"minecraft:fletching_table":1,"minecraft:glowstone_dust":143,"minecraft:oak_planks":11,"sophisticatedbackpacks:iron_backpack":2,"minecraft:ink_sac":1,"minecraft:spectral_arrow":68,"minecraft:diamond":37,"minecraft:cracked_polished_blackstone_bricks":12,"minecraft:golden_apple":1,"minecraft:bread":18,"minecraft:oak_sapling":1,"minecraft:netherrack":288,"minecraft:diamond_pickaxe":1,"minecraft:crimson_roots":3,"sophisticatedbackpacks:gold_backpack":1,"minecraft:crafting_table":17,"minecraft:splash_potion":2,"minecraft:chicken":2,"minecraft:nether_wart":20,"minecraft:golden_pickaxe":1,"minecraft:gold_block":16,"minecraft:acacia_door":6,"minecraft:compass":2,"minecraft:blackstone":53,"minecraft:beef":17,"minecraft:oak_boat":2,"minecraft:iron_nugget":52,"minecraft:sugar_cane":12,"minecraft:egg":2,"minecraft:raw_iron":217,"sophisticatedbackpacks:backpack":1,"minecraft:fire_charge":6,"minecraft:polished_blackstone_bricks":58,"minecraft:arrow":22,"minecraft:nether_bricks":24,"minecraft:hay_block":72,"minecraft:yellow_terracotta":5,"minecraft:saddle":4,"minecraft:gold_ingot":26,"minecraft:mutton":1,"minecraft:rail":5,"minecraft:white_wool":1,"minecraft:basalt":2,"minecraft:golden_carrot":3,"minecraft:crimson_stem":2,"minecraft:leather":20,"minecraft:acacia_wood":4,"minecraft:oak_log":21,"minecraft:nether_wart_block":6,"minecraft:gunpowder":5,"minecraft:orange_terracotta":2,"minecraft:kelp":2,"minecraft:warped_stem":8,"minecraft:iron_ingot":10,"minecraft:acacia_sapling":2,"minecraft:iron_sword":2,"minecraft:soul_sand":30,"minecraft:warped_fungus":6,"minecraft:quartz":30,"minecraft:gravel":66,"minecraft:blast_furnace":4,"minecraft:white_bed":1,"minecraft:crying_obsidian":3,"minecraft:slime_ball":17,"minecraft:iron_helmet":3,"minecraft:warped_roots":3,"minecraft:melon_seeds":2,"minecraft:crimson_nylium":1,"minecraft:coal":103}},"DataVersion":3465}