{"stats":{"minecraft:used":{"minecraft:cherry_boat":1,"minecraft:netherite_sword":5,"minecraft:iron_shovel":197,"minecraft:shield":32,"minecraft:iron_sword":106,"minecraft:torch":1,"minecraft:dirt":175,"minecraft:anvil":1,"minecraft:tuff":2,"minecraft:iron_hoe":34,"minecraft:wooden_axe":27,"minecraft:lava_bucket":1,"minecraft:bookshelf":2,"minecraft:villager_spawn_egg":11,"minecraft:iron_axe":528,"minecraft:grass_block":74,"minecraft:bow":2,"minecraft:acacia_wood":4,"minecraft:cobbled_deepslate":20,"minecraft:acacia_planks":133,"minecraft:iron_leggings":1,"minecraft:oak_planks":186,"minecraft:wooden_pickaxe":2,"minecraft:sugar_cane":4,"minecraft:fletching_table":3,"minecraft:crafting_table":12,"minecraft:blast_furnace":3,"minecraft:white_bed":23,"minecraft:oak_log":1,"minecraft:bread":64,"minecraft:iron_pickaxe":73,"minecraft:lectern":87,"minecraft:stone_axe":72,"minecraft:cobblestone":1,"minecraft:smithing_table":1,"minecraft:yellow_bed":7},"minecraft:custom":{"minecraft:mob_kills":59,"minecraft:animals_bred":3,"minecraft:interact_with_crafting_table":24,"minecraft:leave_game":7,"minecraft:time_since_death":71292,"minecraft:sprint_one_cm":327800,"minecraft:walk_one_cm":639335,"minecraft:damage_blocked_by_shield":1035,"minecraft:drop":109,"minecraft:talked_to_villager":165,"minecraft:play_time":286933,"minecraft:sneak_time":15482,"minecraft:deaths":3,"minecraft:walk_under_water_one_cm":16808,"minecraft:boat_one_cm":32530,"minecraft:jump":3337,"minecraft:interact_with_blast_furnace":41,"minecraft:walk_on_water_one_cm":22376,"minecraft:total_world_time":286933,"minecraft:traded_with_villager":118,"minecraft:sleep_in_bed":11,"minecraft:time_since_rest":10092,"minecraft:damage_taken":3600,"minecraft:damage_dealt":14774,"minecraft:player_kills":1,"minecraft:swim_one_cm":11712,"minecraft:fly_one_cm":869222,"minecraft:open_chest":5,"minecraft:crouch_one_cm":53081,"minecraft:fall_one_cm":101700,"minecraft:horse_one_cm":3082},"minecraft:crafted":{"minecraft:oak_planks":540,"minecraft:stone_shovel":20,"minecraft:iron_boots":1,"minecraft:iron_axe":1,"minecraft:chest":1,"sophisticatedbackpacks:iron_backpack":1,"minecraft:wheat":126,"minecraft:oak_slab":36,"minecraft:emerald":57,"sophisticatedbackpacks:backpack":1,"minecraft:crafting_table":1,"minecraft:wooden_pickaxe":1,"minecraft:iron_helmet":1,"minecraft:stone_axe":37,"minecraft:enchanted_book":5,"minecraft:air":0,"minecraft:lectern":9,"minecraft:iron_chestplate":1,"minecraft:shield":1,"minecraft:stick":412,"minecraft:iron_ingot":31,"minecraft:iron_pickaxe":1,"minecraft:wooden_axe":1,"minecraft:iron_shovel":1,"minecraft:iron_leggings":1,"minecraft:acacia_planks":132},"minecraft:broken":{"minecraft:iron_axe":2,"minecraft:stone_axe":1},"minecraft:picked_up":{"minecraft:wooden_axe":1,"sophisticatedbackpacks:gold_backpack":1,"minecraft:crafting_table":13,"minecraft:iron_chestplate":2,"minecraft:wheat":79,"minecraft:lead":3,"minecraft:wooden_pickaxe":1,"minecraft:shield":3,"minecraft:string":9,"minecraft:iron_axe":2,"minecraft:acacia_door":3,"minecraft:iron_leggings":2,"minecraft:iron_shovel":3,"minecraft:cherry_boat":2,"minecraft:cobbled_deepslate":21,"minecraft:netherite_sword":1,"minecraft:beef":32,"minecraft:poppy":12,"minecraft:iron_pickaxe":4,"minecraft:lectern":80,"minecraft:sugar_cane":4,"minecraft:iron_boots":2,"minecraft:stick":4,"minecraft:raw_iron":34,"minecraft:composter":8,"minecraft:oak_fence":3,"minecraft:torch":17,"minecraft:acacia_log":15,"minecraft:arrow":12,"minecraft:rotten_flesh":32,"minecraft:hay_block":48,"minecraft:cobblestone":24,"minecraft:stripped_oak_log":1,"minecraft:pink_petals":22,"minecraft:leather":10,"minecraft:acacia_wood":22,"minecraft:tuff":3,"minecraft:oak_log":140,"minecraft:yellow_bed":12,"minecraft:dirt":450,"minecraft:bone":9,"minecraft:acacia_planks":373,"minecraft:bow":5,"minecraft:wheat_seeds":18,"minecraft:stone_pickaxe":2,"minecraft:iron_ingot":27,"minecraft:fletching_table":2,"minecraft:stripped_oak_wood":2,"minecraft:iron_sword":2,"minecraft:oak_planks":288,"minecraft:book":6,"minecraft:dandelion":3,"sophisticatedbackpacks:iron_backpack":3,"minecraft:blast_furnace":5,"minecraft:white_bed":25,"minecraft:spider_eye":1,"minecraft:iron_hoe":1,"minecraft:diamond":2,"minecraft:stone_axe":2,"minecraft:iron_helmet":2,"minecraft:emerald":36,"minecraft:bread":162,"minecraft:oak_sapling":12,"minecraft:melon_seeds":1,"minecraft:coal":7},"minecraft:killed_by":{"minecraft:player":2,"minecraft:iron_golem":1},"minecraft:mined":{"minecraft:tuff":4,"minecraft:white_bed":16,"minecraft:deepslate_diamond_ore":2,"minecraft:sculk_vein":1,"minecraft:acacia_log":15,"minecraft:grass_block":162,"minecraft:composter":6,"minecraft:hay_block":31,"minecraft:iron_ore":15,"minecraft:cobbled_deepslate":8,"minecraft:fire":1,"minecraft:acacia_wood":22,"minecraft:fletching_table":2,"minecraft:sculk_shrieker":3,"minecraft:bookshelf":2,"minecraft:deepslate_iron_ore":10,"minecraft:stripped_oak_log":1,"minecraft:stone":9,"minecraft:acacia_leaves":3,"minecraft:glass_pane":1,"minecraft:dandelion":1,"minecraft:oak_fence":3,"minecraft:crafting_table":14,"minecraft:torch":1,"minecraft:blast_furnace":4,"minecraft:lectern":81,"minecraft:tall_grass":2,"minecraft:cobblestone":6,"minecraft:deepslate_gold_ore":1,"minecraft:grindstone":1,"minecraft:sugar_cane":2,"minecraft:oak_planks":32,"minecraft:pink_petals":1,"minecraft:wheat":1,"minecraft:stripped_oak_wood":1,"minecraft:yellow_bed":9,"minecraft:grass":52,"minecraft:oak_log":136,"minecraft:dirt":26,"minecraft:cobweb":6,"minecraft:acacia_planks":173,"minecraft:oak_leaves":2,"minecraft:deepslate":9},"minecraft:dropped":{"sophisticatedbackpacks:iron_backpack":1,"minecraft:bread":18,"minecraft:wheat_seeds":12,"minecraft:diamond":2,"minecraft:oak_fence":3,"minecraft:lead":1,"minecraft:coal":2,"sophisticatedbackpacks:gold_backpack":1,"minecraft:lava_bucket":1,"minecraft:grass":1,"minecraft:torch":4,"minecraft:iron_axe":1,"minecraft:iron_pickaxe":1,"minecraft:acacia_door":3,"minecraft:pink_petals":11,"minecraft:stone_axe":37,"minecraft:wheat":13,"minecraft:stone_shovel":20,"minecraft:rotten_flesh":3,"minecraft:oak_planks":12,"minecraft:poppy":4,"minecraft:melon_seeds":1,"minecraft:yellow_bed":1,"minecraft:oak_sapling":4,"minecraft:spider_eye":1,"minecraft:bow":2},"minecraft:killed":{"minecraft:spider":5,"minecraft:skeleton":10,"minecraft:drowned":1,"minecraft:zombie_villager":1,"minecraft:iron_golem":5,"minecraft:zombie":17,"minecraft:player":1,"minecraft:villager":10,"minecraft:cow":8}},"DataVersion":3465}