{"stats":{"minecraft:used":{"minecraft:netherite_sword":2,"minecraft:dirt":25,"minecraft:grass_block":74},"minecraft:picked_up":{"minecraft:rotten_flesh":2},"minecraft:killed":{"minecraft:zombie":1},"minecraft:custom":{"minecraft:jump":185,"minecraft:time_since_rest":46410,"minecraft:damage_dealt":219,"minecraft:crouch_one_cm":3557,"minecraft:sprint_one_cm":14218,"minecraft:leave_game":2,"minecraft:play_time":46410,"minecraft:time_since_death":46410,"minecraft:walk_one_cm":13116,"minecraft:sneak_time":1748,"minecraft:total_world_time":46410,"minecraft:mob_kills":1,"minecraft:fly_one_cm":267217}},"DataVersion":3465}