{"stats":{"minecraft:crafted":{"minecraft:cherry_planks":12,"minecraft:black_dye":3,"minecraft:oak_planks":20,"minecraft:cherry_boat":1,"minecraft:warped_planks":20,"minecraft:iron_boots":2,"minecraft:iron_axe":2,"minecraft:stone_pickaxe":1,"minecraft:chest":1,"minecraft:diamond_boots":1,"minecraft:black_wool":2,"sophisticatedbackpacks:iron_backpack":1,"minecraft:crimson_planks":52,"sophisticatedbackpacks:backpack":1,"minecraft:crafting_table":6,"minecraft:wooden_pickaxe":1,"minecraft:iron_helmet":1,"minecraft:iron_sword":1,"sophisticatedbackpacks:gold_backpack":1,"minecraft:bucket":1,"minecraft:bread":1,"minecraft:air":0,"minecraft:white_wool":2,"minecraft:iron_chestplate":1,"minecraft:shield":2,"minecraft:stick":20,"minecraft:iron_ingot":62,"minecraft:iron_pickaxe":3,"minecraft:black_carpet":3,"minecraft:stone_sword":1,"minecraft:iron_leggings":2,"minecraft:gold_ingot":38,"minecraft:acacia_planks":68,"minecraft:diamond_chestplate":1},"minecraft:dropped":{"sophisticatedbackpacks:iron_backpack":1,"minecraft:golden_boots":2,"minecraft:iron_ingot":2,"minecraft:iron_sword":1,"minecraft:soul_sand":19,"minecraft:wheat_seeds":3,"minecraft:golden_helmet":1,"minecraft:golden_pickaxe":1,"minecraft:ender_pearl":1,"minecraft:lead":2,"minecraft:spectral_arrow":49,"minecraft:saddle":1,"minecraft:coal":1,"minecraft:golden_apple":1,"minecraft:golden_carrot":3,"minecraft:crimson_roots":1,"minecraft:cherry_planks":3,"minecraft:polished_blackstone_bricks":5,"minecraft:iron_pickaxe":1,"minecraft:acacia_door":1,"minecraft:string":8,"minecraft:pink_petals":1,"minecraft:acacia_planks":4,"minecraft:gold_ingot":32,"minecraft:bone":11,"minecraft:gravel":9,"minecraft:blackstone":24,"minecraft:compass":1,"minecraft:stone_sword":1,"minecraft:blaze_rod":6,"minecraft:cobbled_deepslate":9,"minecraft:rotten_flesh":4,"minecraft:warped_planks":48,"minecraft:filled_map":1,"minecraft:gunpowder":3,"minecraft:diamond_pickaxe":1,"minecraft:yellow_bed":1,"minecraft:golden_leggings":1,"minecraft:golden_sword":1,"minecraft:arrow":3,"minecraft:bread":15,"minecraft:wooden_pickaxe":1,"minecraft:magma_block":2,"minecraft:netherrack":10},"minecraft:used":{"minecraft:cherry_boat":1,"minecraft:nether_brick_fence":1,"sophisticatedbackpacks:iron_backpack":1,"minecraft:stone_sword":129,"minecraft:acacia_log":4,"minecraft:flint_and_steel":1,"minecraft:black_carpet":2,"minecraft:shield":79,"minecraft:iron_sword":278,"minecraft:grass":1,"minecraft:netherrack":20,"minecraft:rotten_flesh":24,"minecraft:iron_chestplate":2,"minecraft:orange_bed":1,"minecraft:torch":6,"minecraft:soul_sand":2,"minecraft:dirt":12,"minecraft:mutton":1,"minecraft:nether_bricks":40,"minecraft:tuff":1,"minecraft:granite":2,"minecraft:obsidian":1,"minecraft:lava_bucket":2,"minecraft:iron_axe":117,"minecraft:warped_nylium":1,"minecraft:iron_helmet":3,"minecraft:iron_boots":2,"minecraft:crimson_planks":30,"minecraft:diamond_chestplate":1,"minecraft:golden_carrot":4,"minecraft:beef":5,"minecraft:soul_soil":13,"minecraft:egg":1,"minecraft:acacia_planks":85,"minecraft:cobbled_deepslate":40,"minecraft:iron_leggings":3,"sophisticatedbackpacks:gold_backpack":4,"minecraft:water_bucket":47,"minecraft:diamond_boots":1,"minecraft:warped_fungus_on_a_stick":127,"minecraft:stone_pickaxe":5,"minecraft:oak_planks":13,"minecraft:blackstone":4,"minecraft:ender_pearl":2,"minecraft:wooden_pickaxe":29,"minecraft:gilded_blackstone":5,"minecraft:polished_blackstone_bricks":7,"minecraft:warped_roots":1,"minecraft:mossy_cobblestone":1,"minecraft:crafting_table":14,"minecraft:red_bed":1,"minecraft:blast_furnace":5,"minecraft:white_bed":2,"minecraft:warped_planks":4,"minecraft:oak_log":1,"minecraft:diamond_pickaxe":42,"minecraft:apple":6,"minecraft:cracked_polished_blackstone_bricks":3,"minecraft:bread":108,"minecraft:map":1,"minecraft:iron_pickaxe":322,"minecraft:lectern":32,"minecraft:nether_wart_block":12,"minecraft:splash_potion":1,"minecraft:cooked_porkchop":3,"minecraft:bucket":52,"minecraft:oak_boat":1,"minecraft:yellow_bed":6,"minecraft:golden_pickaxe":2},"minecraft:mined":{"minecraft:white_bed":1,"minecraft:mossy_cobblestone":1,"minecraft:deepslate_diamond_ore":10,"sophisticatedbackpacks:gold_backpack":1,"minecraft:cherry_log":3,"minecraft:nether_bricks":47,"minecraft:acacia_log":21,"minecraft:grass_block":9,"minecraft:crimson_roots":1,"minecraft:cracked_polished_blackstone_bricks":10,"minecraft:soul_soil":15,"minecraft:crimson_stem":14,"minecraft:smooth_stone":20,"minecraft:polished_blackstone_bricks":40,"minecraft:magma_block":5,"minecraft:nether_sprouts":2,"minecraft:iron_ore":22,"minecraft:fire":22,"minecraft:cobbled_deepslate":10,"minecraft:nether_brick_fence":2,"minecraft:shroomlight":1,"minecraft:deepslate_iron_ore":47,"minecraft:warped_stem":6,"minecraft:stone":10,"minecraft:orange_bed":1,"minecraft:blackstone":12,"minecraft:red_bed":1,"minecraft:soul_sand":20,"minecraft:crimson_nylium":7,"minecraft:soul_fire":3,"minecraft:crafting_table":8,"minecraft:blast_furnace":5,"minecraft:warped_roots":2,"minecraft:chest":2,"minecraft:lectern":31,"minecraft:tall_grass":2,"minecraft:cobblestone":5,"minecraft:deepslate_gold_ore":19,"minecraft:diorite":2,"minecraft:pink_petals":1,"minecraft:warped_nylium":2,"minecraft:nether_wart_block":15,"minecraft:yellow_bed":7,"minecraft:grass":18,"minecraft:oak_log":5,"minecraft:dirt":5,"minecraft:cobweb":3,"minecraft:acacia_planks":28,"minecraft:netherrack":64,"minecraft:deepslate":40},"minecraft:killed_by":{"minecraft:player":1,"minecraft:zombie":1},"minecraft:broken":{"minecraft:stone_sword":1,"minecraft:iron_pickaxe":1},"minecraft:killed":{"minecraft:zombified_piglin":1,"minecraft:spider":10,"minecraft:skeleton":11,"minecraft:chicken":2,"minecraft:piglin_brute":5,"minecraft:magma_cube":4,"minecraft:piglin":5,"minecraft:zombie_villager":1,"minecraft:wandering_trader":1,"minecraft:hoglin":1,"minecraft:creeper":1,"minecraft:zombie":27,"minecraft:wither_skeleton":4,"minecraft:blaze":8,"minecraft:enderman":3,"minecraft:cow":7},"minecraft:custom":{"minecraft:mob_kills":93,"minecraft:interact_with_crafting_table":42,"minecraft:leave_game":2,"minecraft:time_since_death":89259,"minecraft:sprint_one_cm":413478,"minecraft:walk_one_cm":442463,"minecraft:damage_blocked_by_shield":2710,"minecraft:drop":76,"minecraft:damage_dealt_absorbed":119,"minecraft:talked_to_villager":43,"minecraft:strider_one_cm":488160,"minecraft:play_time":237036,"minecraft:deaths":3,"minecraft:sneak_time":9585,"minecraft:walk_under_water_one_cm":18368,"minecraft:boat_one_cm":216670,"minecraft:jump":3841,"minecraft:interact_with_blast_furnace":54,"minecraft:walk_on_water_one_cm":12460,"minecraft:total_world_time":237036,"minecraft:sleep_in_bed":4,"minecraft:time_since_rest":89288,"minecraft:damage_taken":7651,"minecraft:damage_dealt":19594,"minecraft:pig_one_cm":10142,"minecraft:swim_one_cm":12927,"minecraft:fly_one_cm":699043,"minecraft:player_kills":1,"minecraft:open_chest":20,"minecraft:crouch_one_cm":27249,"minecraft:fall_one_cm":119204,"minecraft:horse_one_cm":223671},"minecraft:picked_up":{"minecraft:iron_chestplate":1,"minecraft:crafting_table":10,"minecraft:splash_potion":1,"minecraft:nether_brick_fence":3,"minecraft:chicken":2,"minecraft:nether_wart":20,"minecraft:golden_pickaxe":1,"minecraft:diamond_sword":1,"minecraft:lead":12,"minecraft:nether_brick":5,"minecraft:golden_sword":1,"minecraft:shield":3,"minecraft:soul_soil":14,"minecraft:iron_leggings":1,"minecraft:string":17,"minecraft:red_bed":1,"minecraft:iron_axe":1,"minecraft:acacia_door":1,"minecraft:compass":1,"minecraft:blackstone":68,"minecraft:shroomlight":1,"minecraft:diamond_leggings":1,"minecraft:smooth_stone":48,"minecraft:cobbled_deepslate":70,"minecraft:bucket":1,"minecraft:beef":8,"minecraft:oak_boat":1,"minecraft:iron_pickaxe":2,"minecraft:lectern":32,"minecraft:chest":2,"minecraft:diamond_hoe":1,"minecraft:egg":1,"minecraft:raw_iron":81,"minecraft:stick":6,"minecraft:torch":126,"minecraft:acacia_log":21,"minecraft:porkchop":13,"minecraft:polished_blackstone_bricks":39,"minecraft:cherry_log":3,"minecraft:diorite":2,"minecraft:warped_planks":32,"minecraft:iron_horse_armor":2,"minecraft:orange_bed":1,"minecraft:diamond_chestplate":1,"minecraft:stone_sword":5,"minecraft:arrow":76,"minecraft:rotten_flesh":44,"minecraft:nether_bricks":50,"minecraft:diamond_boots":2,"minecraft:gold_ingot":19,"minecraft:saddle":2,"minecraft:blaze_rod":12,"minecraft:obsidian":2,"minecraft:mutton":1,"minecraft:cobblestone":16,"minecraft:rail":5,"minecraft:pink_petals":1,"minecraft:golden_carrot":3,"minecraft:magma_block":10,"minecraft:warped_fungus_on_a_stick":2,"minecraft:feather":2,"minecraft:magma_cream":2,"minecraft:water_bucket":1,"minecraft:crimson_stem":14,"minecraft:leather":19,"minecraft:golden_leggings":1,"minecraft:tuff":1,"minecraft:oak_log":6,"minecraft:nether_wart_block":17,"minecraft:golden_boots":1,"minecraft:yellow_bed":9,"minecraft:gunpowder":4,"minecraft:dirt":14,"minecraft:bone":41,"minecraft:acacia_planks":21,"minecraft:apple":11,"minecraft:warped_stem":5,"minecraft:bow":2,"minecraft:wheat_seeds":9,"minecraft:raw_gold":29,"minecraft:iron_ingot":11,"minecraft:diamond_helmet":1,"minecraft:soul_sand":45,"minecraft:iron_sword":1,"minecraft:oak_planks":45,"minecraft:ghast_tear":1,"minecraft:cooked_porkchop":3,"minecraft:quartz":14,"minecraft:gravel":28,"minecraft:lava_bucket":1,"sophisticatedbackpacks:iron_backpack":2,"minecraft:ink_sac":3,"minecraft:blast_furnace":8,"minecraft:white_bed":1,"minecraft:crying_obsidian":1,"minecraft:spectral_arrow":49,"minecraft:mossy_cobblestone":1,"minecraft:diamond_shovel":1,"minecraft:diamond":18,"minecraft:cracked_polished_blackstone_bricks":9,"minecraft:iron_helmet":2,"minecraft:diamond_axe":1,"minecraft:granite":2,"minecraft:grass":1,"minecraft:warped_roots":2,"minecraft:warped_nylium":1,"minecraft:golden_horse_armor":1,"minecraft:bread":244,"sophisticatedbackpacks:gold_backpack":3,"minecraft:crimson_roots":3,"minecraft:coal":17,"minecraft:melon_seeds":2,"minecraft:netherrack":67,"minecraft:diamond_pickaxe":2,"minecraft:ender_pearl":3}},"DataVersion":3465}